year,region,uf,station_name,wmo_code,latitude,longitude,altitude,foundation_date,name (wmo)
2016,co,df,brasilia,a001,-15.78944444,-47.92583332,1159.54,2000-05-07,brasilia (a001)
2016,co,go,goiania,a002,-16.64277777,-49.21999999,770.0,2001-05-29,goiania (a002)
2016,co,go,morrinhos,a003,-17.71666667,-49.1,771.42,2001-05-25,morrinhos (a003)
2023,co,go,porangatu,a005,-13.30944444,-49.11749999,365.0,2001-06-04,porangatu (a005)
2016,n,to,palmas,a009,-10.18333333,-48.3,280.0,2004-12-17,palmas (a009)
2016,n,to,parana,a010,-12.615,-47.87194443,280.0,2005-03-04,parana (a010)
2016,co,go,sao simao,a011,-18.96666666,-50.61666666,488.51,2006-07-15,sao simao (a011)
2016,co,go,luziania,a012,-16.27222222,-47.96638889,959.5,2006-10-21,luziania (a012)
2016,co,go,aragarcas,a013,-15.90583333,-52.24388888,347.0,2007-07-13,aragarcas (a013)
2016,co,go,goias,a014,-15.93916666,-50.14138888,512.0,2007-07-18,goias (a014)
2016,co,go,itapaci,a015,-14.98027777,-49.53944444,522.0,2007-02-03,itapaci (a015)
2016,co,go,jatai,a016,-17.92388888,-51.71777777,582.0,2007-05-23,jatai (a016)
2016,co,go,posse,a017,-14.08916666,-46.36638888,834.0,2007-04-18,posse (a017)
2016,n,to,peixe,a018,-12.01666666,-48.55,242.0,2006-12-01,peixe (a018)
2016,n,to,gurupi,a019,-11.74583333,-49.04972221,287.0,2006-12-20,gurupi (a019)
2016,n,to,pedro afonso,a020,-8.9686111,-48.19416666,189.0,2007-01-23,pedro afonso (a020)
2016,n,to,araguaina,a021,-7.10416666,-48.20111111,226.0,2007-01-26,araguaina (a021)
2016,co,go,goianesia,a022,-15.22027777,-48.99027777,667.0,2007-06-02,goianesia (a022)
2016,co,go,caiaponia,a023,-16.96666666,-51.81749999,737.0,2007-05-21,caiaponia (a023)
2016,co,go,alto paraiso de goias,a024,-14.13305554,-47.52305554,1260.0,2007-06-04,alto paraiso de goias (a024)
2016,co,go,rio verde,a025,-17.78583333,-50.98138888,782.0,2007-05-17,rio verde (a025)
2016,co,go,mineiros,a026,-17.45472222,-52.60111111,862.0,2007-11-24,mineiros (a026)
2016,co,go,parauna,a027,-16.94583333,-50.42527777,678.0,2008-03-29,parauna (a027)
2016,co,go,ipora,a028,-16.42305554,-51.14805555,625.0,2013-06-24,ipora (a028)
2017,co,go,edeia,a029,-17.33694444,-49.91472222,608.0,2017-08-26,edeia (a029)
2017,co,go,sao miguel do araguaia,a031,-12.81972221,-50.34166666,340.0,2017-06-29,sao miguel do araguaia (a031)
2016,co,go,monte alegre de goias,a032,-13.24805555,-46.88972221,1253.0,2007-06-07,monte alegre de goias (a032)
2016,co,go,pires do rio,a033,-17.30416666,-48.28416666,752.0,2007-10-12,pires do rio (a033)
2016,co,go,catalao,a034,-18.15777777,-47.92638888,890.0,2008-01-31,catalao (a034)
2016,co,go,itumbiara,a035,-18.40972222,-49.19194444,488.0,2007-11-01,itumbiara (a035)
2016,co,go,cristalina,a036,-16.78805555,-47.61166666,1202.0,2007-12-14,cristalina (a036)
2016,co,go,silvania,a037,-16.67694443,-48.61805554,949.0,2010-10-08,silvania (a037)
2016,n,to,dianopolis,a038,-11.59416666,-46.84722221,732.0,2008-08-30,dianopolis (a038)
2016,n,to,formoso do araguaia,a039,-11.98722221,-49.60833333,220.0,2008-04-27,formoso do araguaia (a039)
2016,n,to,mateiros,a040,-10.42999999,-45.91999999,798.0,2012-10-25,mateiros (a040)
2016,n,to,marianopolis do to,a041,-9.57666666,-49.72333332,203.0,2012-11-24,marianopolis do to (a041)
2017,co,df,brazlandia,a042,-15.59972221,-48.1311111,1143.0,2017-07-19,brazlandia (a042)
2016,n,to,campos lindos,a043,-8.15472222,-46.63916666,425.0,2012-10-29,campos lindos (a043)
2016,n,to,araguatins,a044,-5.6436111,-48.11166666,117.0,2009-03-12,araguatins (a044)
2016,co,df,aguas emendadas,a045,-15.59638888,-47.62583332,1200.0,2008-10-03,aguas emendadas (a045)
2016,co,df,gama (ponte alta),a046,-15.93527777,-48.13749999,990.0,2014-10-01,gama (ponte alta) (a046)
2017,co,df,paranoa (coopa-df),a047,-16.01111111,-47.5575,1043.0,2017-02-07,paranoa (coopa-df) (a047)
2016,n,to,santa fe do araguaia,a048,-7.12416666,-48.78138888,171.0,2016-07-30,santa fe do araguaia (a048)
2016,n,to,colinas do tocantins,a049,-8.09277777,-48.4786111,200.0,2016-11-11,colinas do tocantins (a049)
2016,n,to,rio sono,a050,-9.16,-47.13277777,291.0,2016-08-03,rio sono (a050)
2016,n,to,pium,a051,-10.47694443,-49.62944443,161.0,2016-04-06,pium (a051)
2016,n,to,santa rosa do tocantins,a052,-11.04638888,-48.18555555,306.0,2015-08-14,santa rosa do tocantins (a052)
2016,n,to,almas,a053,-11.28416666,-47.21222222,512.0,2016-04-01,almas (a053)
2016,n,to,araguacu,a054,-12.59222221,-49.5286111,231.0,2015-08-19,araguacu (a054)
2016,n,to,lagoa da confusao,a055,-10.80833333,-49.84777777,178.0,2016-11-15,lagoa da confusao (a055)
2023,co,go,cristalina (fazenda santa monica),a056,-16.39944444,-47.62583332,932.0,2018-01-25,cristalina (fazenda santa monica) (a056)
2016,n,am,manaus,a101,-3.10333333,-60.01638888,61.25,2000-05-09,manaus (a101)
2016,n,ac,parque estadual chandless,a102,-9.3575,-69.92722221,187.0,2008-08-05,parque estadual chandless (a102)
2016,n,ac,rio branco,a104,-9.95777777,-68.165,220.0,2008-07-11,rio branco (a104)
2016,n,ac,cruzeiro do sul,a108,-7.61055555,-72.405,220.0,2015-05-14,cruzeiro do sul (a108)
2016,n,am,eirunepe,a109,-6.65027777,-69.86694443,143.0,2012-08-31,eirunepe (a109)
2016,n,am,boca do acre,a110,-8.77666666,-67.33222221,111.0,2008-07-15,boca do acre (a110)
2016,n,am,labrea,a111,-7.43527777,-64.7886111,64.0,2008-07-27,labrea (a111)
2016,n,am,humaita,a112,-7.92277777,-63.12138888,72.0,2008-04-25,humaita (a112)
2016,n,am,apui,a113,-7.21527777,-59.8886111,160.0,2008-07-19,apui (a113)
2016,n,am,coari,a117,-4.09749999,-63.14527777,53.0,2008-04-12,coari (a117)
2016,n,am,manacapuru,a119,-3.29472221,-60.62833332,55.0,2008-04-10,manacapuru (a119)
2016,n,am,autazes,a120,-2.05638888,-60.02555554,78.0,2008-04-17,autazes (a120)
2016,n,am,itacoatiara,a121,-3.13305554,-58.48277777,74.0,2008-04-17,itacoatiara (a121)
2016,n,am,maues,a122,-3.39888888,-57.6736111,35.0,2008-04-22,maues (a122)
2016,n,am,parintins,a123,-2.64055555,-56.75472222,52.0,2008-04-11,parintins (a123)
2016,n,am,urucara,a124,-2.89638888,-57.75833333,17.0,2008-04-17,urucara (a124)
2016,n,am,rio urubu,a125,-2.7211111,-59.94333333,59.0,2008-06-26,rio urubu (a125)
2016,n,am,presidente figueiredo,a126,-2.08499999,-60.04888888,92.0,2008-04-19,presidente figueiredo (a126)
2016,n,am,barcelos,a128,-0.95861111,-62.94222221,42.0,2008-04-19,barcelos (a128)
2016,n,am,manicore,a133,-5.81055555,-61.29194444,71.0,2011-12-12,manicore (a133)
2016,n,am,s. g. da cachoeira,a134,-0.12499999,-67.06111111,90.0,2011-08-31,s. g. da cachoeira (a134)
2016,n,rr,boa vista,a135,2.81694443,-60.69083333,94.0,2010-08-26,boa vista (a135)
2016,n,ac,porto walter,a136,-8.26694443,-72.74777777,204.0,2009-10-29,porto walter (a136)
2016,n,ac,marechal thaumaturgo,a137,-8.95,-72.78666666,230.0,2009-10-27,marechal thaumaturgo (a137)
2016,n,ac,feijo,a138,-8.24194444,-70.57527777,163.0,2009-09-24,feijo (a138)
2016,n,ac,epitaciolandia,a140,-11.0236111,-68.73499999,217.0,2009-09-25,epitaciolandia (a140)
2023,n,am,novo aripuana,a144,-8.0911111,-60.38055554,45.0,2019-07-18,novo aripuana (a144)
2016,n,pa,belem,a201,-1.41027777,-48.43833333,24.0,2003-01-20,belem (a201)
2016,n,pa,castanhal,a202,-1.30083333,-47.93083332,65.0,2003-01-24,castanhal (a202)
2016,ne,ma,sao luis,a203,-2.52694443,-44.21305555,56.0,2003-01-29,sao luis (a203)
2016,ne,ma,balsas,a204,-7.45527777,-46.02749999,254.0,2007-10-26,balsas (a204)
2016,ne,ma,carolina,a205,-7.33722221,-47.45972222,192.0,2007-12-04,carolina (a205)
2016,ne,ma,chapadinha,a206,-3.74277777,-43.35194444,91.0,2008-09-17,chapadinha (a206)
2016,ne,ma,grajau,a207,-5.82472221,-46.15944444,230.0,2008-09-10,grajau (a207)
2016,n,pa,medicilandia,a209,-3.51083333,-52.96361111,251.0,2008-02-17,medicilandia (a209)
2016,n,pa,pacaja,a210,-3.8436111,-50.63805555,108.0,2008-02-27,pacaja (a210)
2016,n,pa,placas,a211,-3.8811111,-54.2461111,96.0,2008-02-14,placas (a211)
2016,n,pa,paragominas,a212,-3.01027777,-47.34305555,101.0,2007-10-18,paragominas (a212)
2016,n,pa,tome acu,a213,-2.6,-48.36666666,38.0,2007-10-14,tome acu (a213)
2016,n,pa,rondon do para,a214,-4.82749999,-48.17333332,203.0,2008-04-17,rondon do para (a214)
2016,n,pa,salinopolis,a215,-0.6186111,-47.35666666,41.0,2008-06-14,salinopolis (a215)
2016,n,pa,sao felix do xingu,a216,-6.63972221,-51.95694444,211.0,2016-11-15,sao felix do xingu (a216)
2016,ne,ma,farol de santana,a217,-2.27083332,-43.62388888,8.0,2008-11-28,farol de santana (a217)
2016,ne,ma,preguicas,a218,-2.59249999,-42.70722222,0.1,2008-11-22,preguicas (a218)
2016,ne,ma,turiacu,a219,-1.66166666,-45.37277777,41.0,2008-06-10,turiacu (a219)
2016,ne,ma,bacabal,a220,-4.24305555,-44.79499999,28.0,2008-07-09,bacabal (a220)
2016,ne,ma,barra do corda,a221,-5.50666666,-45.23694444,153.0,2008-03-06,barra do corda (a221)
2016,ne,ma,colinas,a222,-6.03333333,-44.23333333,179.0,2008-06-03,colinas (a222)
2016,ne,ma,alto parnaiba,a223,-9.10805555,-45.93194443,281.0,2008-06-03,alto parnaiba (a223)
2016,ne,ma,estreito,a224,-6.65333333,-47.41833332,180.0,2008-02-27,estreito (a224)
2016,ne,ma,imperatriz,a225,-5.55555555,-47.45972222,126.0,2008-03-01,imperatriz (a225)
2016,n,pa,braganca,a226,-1.04527777,-46.78277777,33.0,2008-03-11,braganca (a226)
2016,n,pa,soure,a227,-0.81111111,-48.51583333,11.0,2008-04-27,soure (a227)
2017,n,pa,breves,a228,-1.68027777,-50.47805554,11.0,2017-10-20,breves (a228)
2016,n,pa,tucurui,a229,-3.82277777,-49.67499999,148.0,2008-03-01,tucurui (a229)
2016,n,pa,serra dos carajas,a230,-6.07749999,-50.14222221,719.0,2008-09-03,serra dos carajas (a230)
2016,n,pa,itaituba,a231,-4.27638888,-55.99305555,13.0,2008-02-17,itaituba (a231)
2016,n,pa,obidos,a232,-5.36583333,-49.12527777,96.0,2012-07-05,obidos (a232)
2016,n,pa,santana do araguaia,a233,-9.3386111,-50.35027777,168.0,2008-05-30,santana do araguaia (a233)
2016,n,pa,tucuma,a234,-6.7436111,-51.14222221,317.0,2008-07-18,tucuma (a234)
2016,n,pa,novo repartimento,a235,-4.23444444,-49.94277777,106.0,2008-07-23,novo repartimento (a235)
2016,n,pa,cameta,a236,-2.2486111,-49.49305555,22.0,2008-06-20,cameta (a236)
2016,ne,ma,caxias,a237,-4.82138888,-43.3436111,76.0,2008-07-13,caxias (a237)
2016,ne,ma,buriticupu,a238,-4.32055554,-46.44972221,175.0,2008-09-11,buriticupu (a238)
2016,n,pa,monte alegre,a239,-2.0,-54.07583332,96.0,2012-07-06,monte alegre (a239)
2016,n,pa,maraba,a240,-5.16722221,-49.37916666,116.0,2009-06-25,maraba (a240)
2016,n,pa,conceicao do araguaia,a241,-8.25916666,-49.27416666,180.0,2008-09-04,conceicao do araguaia (a241)
2016,n,ap,oiapoque,a242,3.81361111,-51.8625,21.0,2008-09-11,oiapoque (a242)
2023,n,ap,porto grande,a244,0.69416666,-51.40388888,84.8,2008-09-17,porto grande (a244)
2023,n,pa,porto de moz,a245,-1.82194443,-52.11166666,19.0,2022-04-07,porto de moz (a245)
2016,n,pa,mina do palito,a246,-6.31972221,-55.78722221,261.0,2010-09-28,mina do palito (a246)
2016,n,pa,xinguara,a247,-7.11027777,-49.92583332,245.0,2016-09-11,xinguara (a247)
2016,n,pa,capitao poco,a248,-1.73472221,-47.0575,81.0,2011-04-18,capitao poco (a248)
2016,n,ap,macapa,a249,0.03527777,-51.0886111,27.0,2013-12-12,macapa (a249)
2016,n,pa,santarem,a250,-2.50277777,-54.72027777,137.0,2015-09-02,santarem (a250)
2017,n,ap,itaubal,a251,0.56777777,-50.8236111,21.0,2017-08-24,itaubal (a251)
2023,n,pa,dom eliseu,a252,-4.28055554,-47.56388888,251.0,2018-03-08,dom eliseu (a252)
2023,n,pa,altamira,a253,-3.26999999,-52.39472221,191.0,2018-10-25,altamira (a253)
2023,n,pa,redencao,a254,-8.04333333,-50.00694444,199.0,2019-07-11,redencao (a254)
2023,ne,ma,ze doca,a255,-3.26916666,-45.65111111,45.5,2019-09-18,ze doca (a255)
2023,n,pa,santa maria das barreiras,a256,-8.72972221,-49.85638888,165.0,2020-12-18,santa maria das barreiras (a256)
2016,ne,pe,recife,a301,-8.05916666,-34.95944444,10.0,2004-12-22,recife (a301)
2016,ne,rn,arq.sao pedro e sao paulo,a302,0.9,-29.31666666,15.0,2003-11-02,arq.sao pedro e sao paulo (a302)
2016,ne,al,maceio,a303,-9.55111111,-35.77027777,80.0,2003-02-25,maceio (a303)
2016,ne,rn,natal,a304,-5.9,-35.2,48.6,2003-02-24,natal (a304)
2016,ne,ce,fortaleza,a305,-3.83222221,-38.53777777,26.45,2003-02-18,fortaleza (a305)
2016,ne,ce,sobral,a306,-3.73166666,-40.34555555,109.62,2003-02-12,sobral (a306)
2016,ne,pe,petrolina,a307,-9.38805555,-40.48944444,370.46,2003-02-21,petrolina (a307)
2016,ne,pi,parnaiba,a308,-3.08638888,-41.78333333,79.5,2003-02-06,parnaiba (a308)
2016,ne,pe,arco verde,a309,-8.41694443,-37.08333333,680.7,2004-11-20,arco verde (a309)
2016,ne,pb,areia,a310,-6.97499999,-35.68499999,574.62,2004-11-16,areia (a310)
2016,ne,pi,floriano,a311,-6.76666666,-43.01666666,123.27,2004-11-18,floriano (a311)
2016,ne,pi,teresina,a312,-5.07388888,-42.80694444,74.36,2004-11-24,teresina (a312)
2016,ne,pb,campina grande,a313,-7.24249999,-35.88888888,547.56,2006-12-22,campina grande (a313)
2016,ne,ce,guaramiranga,a314,-4.26111111,-38.19749999,38.2,2007-05-26,guaramiranga (a314)
2016,ne,ce,barbalha,a315,-7.31805554,-39.30166666,409.0,2007-05-31,barbalha (a315)
2016,ne,rn,caico,a316,-6.45972222,-37.08888888,169.85,2007-01-07,caico (a316)
2016,ne,rn,macau,a317,-5.15111111,-36.57305554,32.0,2007-01-06,macau (a317)
2016,ne,rn,mossoro,a318,-4.90388888,-37.36694443,36.0,2007-05-22,mossoro (a318)
2016,ne,ce,iguatu,a319,-6.39666666,-39.27027777,233.0,2007-05-30,iguatu (a319)
2016,ne,pb,joao pessoa,a320,-7.16583333,-34.81527777,47.0,2007-07-21,joao pessoa (a320)
2016,ne,pb,patos,a321,-7.07972221,-37.27249999,249.0,2007-07-21,patos (a321)
2016,ne,pe,garanhuns,a322,-8.90694444,-36.49472221,822.76,2007-07-08,garanhuns (a322)
2016,ne,al,pao de acucar,a323,-9.76583333,-37.44777777,19.0,2007-07-14,pao de acucar (a323)
2016,ne,ce,taua,a324,-6.01666666,-40.28166666,415.0,2007-07-12,taua (a324)
2016,ne,ce,quixeramobim,a325,-5.17305554,-39.28722221,232.0,2007-07-09,quixeramobim (a325)
2016,ne,pi,bom jesus do piaui,a326,-9.08333333,-44.31666666,415.0,2007-07-17,bom jesus do piaui (a326)
2016,ne,al,palmeira dos indios,a327,-9.42055554,-36.62027777,275.0,2007-07-11,palmeira dos indios (a327)
2016,ne,pe,surubim,a328,-7.83694444,-35.7961111,418.0,2008-03-09,surubim (a328)
2016,ne,pe,cabrobo,a329,-8.50305555,-39.31388888,337.0,2007-09-04,cabrobo (a329)
2016,ne,pi,paulistana,a330,-8.07999999,-41.07999999,374.22,2007-08-31,paulistana (a330)
2016,ne,pi,sao joao do piaui,a331,-8.36472222,-42.25083333,235.0,2007-08-26,sao joao do piaui (a331)
2016,ne,ce,morada nova,a332,-5.13638888,-38.35638888,43.6,2007-08-24,morada nova (a332)
2016,ne,pb,sao goncalo,a333,-6.75666666,-38.22749999,233.06,2007-11-06,sao goncalo (a333)
2016,ne,pb,monteiro,a334,-7.89138888,-37.11527777,603.66,2007-08-22,monteiro (a334)
2016,ne,pi,piripiri,a335,-4.26388888,-41.77805554,161.2,2007-08-31,piripiri (a335)
2016,ne,pi,alvorada do gurgueia,a336,-8.44305555,-43.86472222,270.0,2007-11-17,alvorada do gurgueia (a336)
2016,ne,pi,caracol,a337,-9.2861111,-43.32444443,523.0,2007-11-10,caracol (a337)
2016,ne,pi,esperantina,a338,-3.90083333,-42.23694444,65.0,2007-12-03,esperantina (a338)
2016,ne,ce,jaguaruana,a339,-4.85333333,-37.77694443,12.0,2007-11-10,jaguaruana (a339)
2016,ne,rn,apodi,a340,-5.62638888,-37.815,150.0,2007-11-14,apodi (a340)
2016,ne,pe,caruaru,a341,-8.2361111,-35.98583333,550.0,2007-11-21,caruaru (a341)
2016,ne,ce,crateus,a342,-5.1861111,-40.66999999,291.0,2008-12-11,crateus (a342)
2016,ne,pi,picos,a343,-7.07083332,-41.40416666,233.0,2008-12-12,picos (a343)
2016,ne,rn,calcanhar,a344,-5.16,-35.45416666,17.0,2008-05-08,calcanhar (a344)
2016,ne,pi,sao raimundo nonato,a345,-9.03305554,-42.70055555,402.0,2008-02-27,sao raimundo nonato (a345)
2016,ne,pi,urucui,a346,-7.47472221,-44.34472221,393.0,2008-03-06,urucui (a346)
2016,ne,ce,campos sales,a347,-7.07805554,-40.36305555,572.0,2008-03-07,campos sales (a347)
2016,ne,pb,cabaceiras,a348,-7.48333333,-36.28638888,436.0,2008-02-28,cabaceiras (a348)
2016,ne,pe,ibimirim,a349,-8.50944444,-37.71138888,448.0,2008-10-14,ibimirim (a349)
2016,ne,pe,serra talhada,a350,-7.95361111,-38.29472221,461.0,2008-07-09,serra talhada (a350)
2016,ne,pe,floresta,a351,-8.5936111,-38.58388888,332.0,2008-09-15,floresta (a351)
2016,ne,pb,camaratuba,a352,-6.56083333,-35.13472221,136.0,2008-05-04,camaratuba (a352)
2016,ne,al,arapiraca,a353,-9.80416666,-36.61888888,241.0,2008-04-27,arapiraca (a353)
2016,ne,pi,oeiras,a354,-6.97416666,-42.14694444,156.0,2008-07-22,oeiras (a354)
2016,ne,al,coruripe,a355,-10.14527777,-36.28638888,74.0,2008-09-06,coruripe (a355)
2016,ne,al,sao luis do quitunde,a356,-9.28749999,-35.56583333,19.0,2008-09-08,sao luis do quitunde (a356)
2016,ne,pe,palmares,a357,-8.66638888,-35.56805554,180.0,2008-09-04,palmares (a357)
2016,ne,ce,jaguaribe,a358,-5.90527777,-38.62777777,184.0,2008-09-10,jaguaribe (a358)
2016,ne,ce,itapipoca,a359,-3.48388888,-39.58833333,102.0,2008-09-05,itapipoca (a359)
2016,ne,ce,acarau,a360,-3.12083332,-40.08694444,76.0,2009-04-22,acarau (a360)
2016,ne,pi,castelo do piaui,a361,-5.34916666,-41.51222222,286.0,2009-04-20,castelo do piaui (a361)
2016,ne,pi,sao pedro do piaui,a362,-5.91111111,-42.7186111,287.0,2009-05-20,sao pedro do piaui (a362)
2016,ne,pi,valenca do piaui,a363,-6.39916666,-41.73999999,301.0,2009-04-18,valenca do piaui (a363)
2016,ne,pi,gilbues,a364,-9.87472221,-45.34638888,425.0,2009-05-16,gilbues (a364)
2016,ne,pi,canto do buriti,a365,-8.11777777,-42.00888888,308.0,2010-06-12,canto do buriti (a365)
2016,ne,pe,ouricuri,a366,-7.88472221,-40.10111111,464.0,2010-08-11,ouricuri (a366)
2016,ne,rn,santa cruz,a367,-6.22777777,-36.02638888,237.0,2010-08-17,santa cruz (a367)
2023,ne,ce,tiangua,a368,-3.73222221,-41.01194444,756.0,2018-03-15,tiangua (a368)
2023,ne,ce,quixada,a369,-4.97888888,-39.05722222,193.0,2018-03-20,quixada (a369)
2017,ne,pe,salgueiro,a370,-8.05805555,-39.0961111,447.0,2017-09-15,salgueiro (a370)
2017,ne,al,piranhas,a371,-9.62222221,-37.76722221,187.0,2017-09-20,piranhas (a371)
2017,ne,rn,ipanguacu,a372,-5.53499999,-36.87222221,19.0,2017-11-08,ipanguacu (a372)
2017,ne,pb,itaporanga,a373,-7.3186111,-38.14083333,292.0,2017-11-03,itaporanga (a373)
2023,ne,pi,corrente,a374,-10.42916666,-45.17305554,452.0,2018-03-28,corrente (a374)
2023,ne,pi,baixa grande do ribeiro,a375,-8.333531,-45.094625,519.0,2018-03-23,baixa grande do ribeiro (a375)
2023,ne,pi,campo maior,a376,-4.86416666,-42.14555555,125.0,2018-11-23,campo maior (a376)
2023,ne,pi,angical do piaui,a377,-6.08944444,-42.72749999,183.0,2019-11-14,angical do piaui (a377)
2016,ne,ba,salvador,a401,-13.01666666,-38.51666666,51.41,2000-05-13,salvador (a401)
2016,ne,ba,barreiras,a402,-12.15,-45.01666666,470.37,2001-12-20,barreiras (a402)
2016,ne,ba,luiz eduardo magalhaes,a404,-12.15222222,-45.82972221,754.04,2002-04-18,luiz eduardo magalhaes (a404)
2016,ne,ba,caravelas,a405,-17.73333333,-39.26666666,2.88,2002-12-20,caravelas (a405)
2016,ne,ba,cruz das almas,a406,-12.65,-39.15,225.87,2003-01-19,cruz das almas (a406)
2016,ne,ba,itirucu,a407,-13.52833332,-40.11972221,755.61,2003-02-09,itirucu (a407)
2016,ne,ba,itaberaba,a408,-12.51666666,-40.3,249.89,2003-01-29,itaberaba (a408)
2016,ne,se,aracaju,a409,-10.95027777,-37.05,4.72,2003-02-12,aracaju (a409)
2016,ne,ba,ilheus,a410,-14.65944444,-39.1811111,78.0,2003-01-25,ilheus (a410)
2016,ne,ba,macajuba,a412,-12.11666666,-40.18333333,380.0,2003-02-03,macajuba (a412)
2016,ne,ba,feira de santana,a413,-12.19583333,-38.96722221,231.0,2007-05-26,feira de santana (a413)
2016,ne,ba,vitoria da conquista,a414,-14.8861111,-40.80138888,874.81,2007-06-01,vitoria da conquista (a414)
2016,ne,ba,santa rita de cassia,a415,-11.01999999,-44.52499999,450.0,2007-05-28,santa rita de cassia (a415)
2016,ne,ba,correntina,a416,-13.33222221,-44.61722221,549.0,2007-11-09,correntina (a416)
2016,ne,se,itabaianinha,a417,-11.27249999,-37.79472221,208.0,2007-05-23,itabaianinha (a417)
2016,ne,ba,bom jesus da lapa,a418,-13.41666666,-43.18416666,440.0,2007-05-18,bom jesus da lapa (a418)
2016,ne,se,poco verde,a419,-10.73749999,-38.10777777,362.0,2008-04-03,poco verde (a419)
2016,ne,se,carira,a420,-10.39944444,-37.74722221,308.0,2008-03-28,carira (a420)
2016,ne,se,brejo grande,a421,-10.47944443,-36.48194443,6.11,2008-07-17,brejo grande (a421)
2016,ne,ba,abrolhos,a422,-17.96416666,-38.6961111,25.0,2008-07-21,abrolhos (a422)
2016,ne,ba,remanso,a423,-9.60277777,-42.10277777,401.0,2008-03-26,remanso (a423)
2016,ne,ba,irece,a424,-11.32888888,-41.86444444,755.0,2008-03-31,irece (a424)
2016,ne,ba,lencois,a425,-12.55722222,-41.38888888,438.74,2008-04-05,lencois (a425)
2016,ne,ba,guanambi,a426,-14.20805555,-42.74944444,882.0,2008-04-24,guanambi (a426)
2016,ne,ba,porto seguro,a427,-16.38916666,-39.18249999,85.0,2008-07-10,porto seguro (a427)
2016,ne,ba,senhor do bonfim,a428,-10.44305555,-40.14833333,539.0,2008-03-27,senhor do bonfim (a428)
2016,ne,ba,barra,a429,-11.08472221,-43.13916666,403.0,2008-05-12,barra (a429)
2016,ne,ba,piata,a430,-13.15583333,-41.77416666,1290.0,2008-05-03,piata (a430)
2016,ne,ba,conde,a431,-11.8,-37.59972221,31.9,2008-04-07,conde (a431)
2016,ne,ba,buritirama,a432,-10.72305554,-43.65111111,506.5,2008-05-15,buritirama (a432)
2016,ne,ba,brumado,a433,-14.18166666,-41.67222221,470.0,2008-04-28,brumado (a433)
2016,ne,ba,amargosa,a434,-13.00944444,-39.61694443,407.0,2008-07-11,amargosa (a434)
2016,ne,ba,uaua,a435,-9.8336111,-39.49555555,453.0,2008-05-20,uaua (a435)
2016,ne,ba,queimadas,a436,-10.98472221,-39.61694443,315.0,2008-05-23,queimadas (a436)
2016,ne,ba,una,a437,-15.27999999,-39.0911111,74.0,2008-06-25,una (a437)
2016,ne,ba,marau,a438,-13.90722222,-38.97222221,10.0,2008-06-22,marau (a438)
2016,ne,ba,ibotirama,a439,-12.19249999,-43.2125,430.0,2008-04-28,ibotirama (a439)
2016,ne,ba,jacobina,a440,-11.205,-40.465,453.0,2008-05-01,jacobina (a440)
2016,ne,ba,serrinha,a441,-11.66444444,-39.02305554,339.0,2008-05-09,serrinha (a441)
2016,ne,ba,euclides da cunha,a442,-10.53722221,-38.99666666,430.0,2008-03-31,euclides da cunha (a442)
2016,ne,ba,delfino,a443,-10.455,-41.20722222,637.0,2008-07-15,delfino (a443)
2016,ne,ba,valenca,a444,-13.3436111,-39.12666666,105.0,2009-06-29,valenca (a444)
2016,ne,ba,ipiau,a445,-14.17138888,-39.69249999,125.0,2009-06-30,ipiau (a445)
2016,ne,ba,itapetinga,a446,-15.24472221,-40.22944443,269.0,2009-06-25,itapetinga (a446)
2016,ne,ba,belmonte,a447,-16.08805555,-39.21555555,88.0,2009-07-02,belmonte (a447)
2016,ne,ba,curaca,a448,-9.00138888,-39.91277777,370.0,2015-08-20,curaca (a448)
2016,ne,ba,pilao arcado,a449,-10.00222222,-42.47333332,400.0,2016-05-28,pilao arcado (a449)
2016,ne,ba,jeremoabo,a450,-10.08083332,-38.34583333,261.0,2015-08-13,jeremoabo (a450)
2017,ne,se,itabaiana,a451,-10.67166666,-37.47138888,213.0,2017-04-24,itabaiana (a451)
2016,ne,ba,formoso do rio preto,a452,-11.05222222,-45.20083333,488.0,2016-06-02,formoso do rio preto (a452)
2017,ne,se,nossa senhora da gloria,a453,-10.20777777,-37.43194443,271.0,2017-03-24,nossa senhora da gloria (a453)
2016,ne,ba,macaubas,a454,-13.03888888,-42.61722221,574.0,2016-04-07,macaubas (a454)
2016,ne,ba,itamaraju,a455,-17.00722222,-39.55138888,110.0,2016-05-28,itamaraju (a455)
2023,ne,ba,salvador (radio farol),a456,-12.80833333,-38.49583333,31.0,2018-03-10,salvador (radio farol) (a456)
2023,ne,ba,ribeira do amparo,a458,-11.05861111,-38.44416666,182.0,2018-09-20,ribeira do amparo (a458)
2016,se,mg,barbacena,a502,-21.22888888,-43.76694443,1155.0,2002-12-05,barbacena (a502)
2016,se,mg,araxa,a505,-19.60555555,-46.94944444,1020.0,2002-12-19,araxa (a505)
2016,se,mg,montes claros,a506,-16.71666666,-43.86666666,646.29,2002-12-19,montes claros (a506)
2016,se,mg,uberlandia,a507,-18.91722221,-48.25555555,869.0,2002-12-18,uberlandia (a507)
2016,se,mg,almenara,a508,-16.16666666,-40.68777777,194.0,2002-12-15,almenara (a508)
2016,se,mg,monte verde,a509,-22.86138888,-46.04333333,1500.0,2004-12-19,monte verde (a509)
2016,se,mg,vicosa,a510,-20.76277777,-42.86388888,712.2,2005-09-15,vicosa (a510)
2016,se,mg,timoteo,a511,-19.5736111,-42.62222221,333.0,2006-02-22,timoteo (a511)
2016,se,mg,ituiutaba,a512,-18.95277777,-49.52499999,560.0,2006-05-12,ituiutaba (a512)
2016,se,mg,ouro branco,a513,-20.54583333,-43.76944443,1061.0,2006-07-28,ouro branco (a513)
2016,se,mg,sao joao del rei,a514,-21.22638888,-44.97944443,991.0,2006-06-09,sao joao del rei (a514)
2016,se,mg,varginha,a515,-21.56638888,-45.40416666,955.0,2006-07-13,varginha (a515)
2016,se,mg,passos,a516,-20.74499999,-46.63388888,784.0,2006-07-16,passos (a516)
2016,se,mg,muriae,a517,-21.10472222,-42.37583332,297.0,2006-08-30,muriae (a517)
2016,se,mg,juiz de fora,a518,-21.76999999,-43.36416666,950.0,2007-05-26,juiz de fora (a518)
2016,se,mg,campina verde,a519,-19.53916666,-49.51805554,555.2,2006-07-15,campina verde (a519)
2016,se,mg,conceicao das alagoas,a520,-19.98583333,-48.15138888,568.0,2006-07-18,conceicao das alagoas (a520)
2016,se,mg,pampulha,a521,-19.88416666,-43.96944443,869.0,2006-10-10,pampulha (a521)
2016,se,mg,serra dos aimores,a522,-17.7986111,-40.24972221,208.0,2006-08-21,serra dos aimores (a522)
2016,se,mg,patrocinio,a523,-18.99638888,-46.98583333,976.0,2006-08-22,patrocinio (a523)
2016,se,mg,formiga,a524,-20.45472222,-45.45388888,873.0,2006-08-17,formiga (a524)
2016,se,mg,sacramento,a525,-19.87527777,-47.43416666,912.0,2006-08-19,sacramento (a525)
2016,se,mg,montalvania,a526,-15.08583333,-44.01583333,512.0,2007-06-26,montalvania (a526)
2016,se,mg,teofilo otoni,a527,-17.9,-41.51666666,475.0,2006-08-25,teofilo otoni (a527)
2016,se,mg,tres marias,a528,-18.20055555,-45.45972222,921.0,2006-08-25,tres marias (a528)
2016,se,mg,passa quatro,a529,-22.3961111,-44.96166666,1040.0,2007-05-30,passa quatro (a529)
2016,se,mg,caldas,a530,-21.91805554,-46.38305554,1150.0,2006-11-28,caldas (a530)
2016,se,mg,maria da fe,a531,-22.31444444,-45.37277777,1276.33,2006-12-01,maria da fe (a531)
2016,se,mg,governador valadares,a532,-18.83027777,-41.97666666,214.0,2007-05-27,governador valadares (a532)
2016,se,mg,guanhaes,a533,-18.78666666,-42.94305555,860.0,2007-06-02,guanhaes (a533)
2016,se,mg,aimores,a534,-19.53277777,-41.09083333,83.74,2007-08-05,aimores (a534)
2016,se,mg,florestal,a535,-19.88527778,-44.41694444,750.0,2008-06-27,florestal (a535)
2016,se,mg,dores do indaia,a536,-19.48166666,-45.59388888,722.0,2007-06-01,dores do indaia (a536)
2016,se,mg,diamantina,a537,-18.2311111,-43.64805555,1356.0,2007-06-05,diamantina (a537)
2016,se,mg,curvelo,a538,-18.76444444,-44.45361111,670.0,2006-12-18,curvelo (a538)
2016,se,mg,mocambinho,a539,-15.08583333,-44.01611111,460.0,2007-11-11,mocambinho (a539)
2016,se,mg,mantena,a540,-18.78027777,-40.98583333,213.5,2007-08-01,mantena (a540)
2016,se,mg,capelinha,a541,-17.70527777,-42.38916666,948.0,2007-08-31,capelinha (a541)
2016,se,mg,unai,a542,-16.55388888,-46.88194443,631.0,2007-06-16,unai (a542)
2016,se,mg,espinosa,a543,-14.91277777,-42.82972221,569.64,2007-11-14,espinosa (a543)
2016,se,mg,buritis,a544,-15.52416666,-46.43555555,894.0,2007-06-19,buritis (a544)
2016,se,mg,pirapora,a545,-17.25777777,-44.83555555,503.0,2007-07-04,pirapora (a545)
2016,se,mg,guarda-mor,a546,-17.56166666,-47.19944444,616.0,2007-07-11,guarda-mor (a546)
2016,se,mg,sao romao,a547,-16.3625,-45.12388888,460.0,2007-06-30,sao romao (a547)
2016,se,mg,chapada gaucha,a548,-15.31,-45.61666666,880.0,2007-06-22,chapada gaucha (a548)
2016,se,mg,aguas vermelhas,a549,-15.75222222,-41.45833333,740.0,2007-09-09,aguas vermelhas (a549)
2016,se,mg,itaobim,a550,-16.57555554,-41.48527777,266.0,2007-09-05,itaobim (a550)
2016,se,mg,rio pardo de minas,a551,-15.72277777,-42.43527777,950.0,2007-11-17,rio pardo de minas (a551)
2016,se,mg,salinas,a552,-16.16027777,-42.31027777,495.0,2007-09-14,salinas (a552)
2016,se,mg,joao pinheiro,a553,-17.78472221,-46.11916666,877.0,2007-07-07,joao pinheiro (a553)
2016,se,mg,caratinga,a554,-19.73583333,-42.15361111,615.0,2007-05-24,caratinga (a554)
2016,se,mg,ibirite (rola moca),a555,-20.0311111,-44.01111111,1208.0,2008-06-06,ibirite (rola moca) (a555)
2016,se,mg,manhuacu,a556,-20.26361111,-42.18277777,836.0,2010-09-25,manhuacu (a556)
2016,se,mg,coronel pacheco,a557,-21.54694444,-43.26111111,431.0,2012-10-17,coronel pacheco (a557)
2016,se,mg,januaria,a559,-15.44805555,-44.36638888,480.0,2016-06-23,januaria (a559)
2023,se,mg,pompeu,a560,-19.23249999,-44.96416666,705.0,2015-08-21,pompeu (a560)
2016,se,mg,sao sebastiao do paraiso,a561,-20.91,-47.11416666,845.0,2015-08-17,sao sebastiao do paraiso (a561)
2017,se,mg,patos de minas,a562,-18.52055554,-46.44055555,950.0,2017-05-12,patos de minas (a562)
2016,se,mg,janauba,a563,-15.80277777,-43.29694444,532.0,2016-11-19,janauba (a563)
2017,se,mg,divinopolis,a564,-20.17305554,-44.87472221,796.0,2017-10-26,divinopolis (a564)
2016,se,mg,bambui,a565,-20.0311111,-46.00861111,697.0,2016-11-23,bambui (a565)
2017,se,mg,aracuai,a566,-16.84888888,-45.03527777,308.0,2017-05-19,aracuai (a566)
2017,se,mg,machado,a567,-21.68083332,-45.94444444,969.0,2017-07-21,machado (a567)
2017,se,mg,uberaba,a568,-19.71,-47.96166666,778.0,2017-05-19,uberaba (a568)
2016,se,mg,sete lagoas,a569,-19.455,-44.17333332,719.0,2016-06-10,sete lagoas (a569)
2017,se,mg,oliveira,a570,-20.71472222,-44.86444444,1025.0,2017-10-19,oliveira (a570)
2023,se,mg,paracatu,a571,-17.24444444,-46.88166666,705.0,2018-03-16,paracatu (a571)
2016,se,rj,ecologia agricola,a601,-22.8,-43.68333333,33.0,2000-05-07,ecologia agricola (a601)
2016,se,rj,marambaia,a602,-23.05,-43.6,9.7,2002-11-08,marambaia (a602)
2016,se,rj,xerem,a603,-22.58972221,-43.28222221,33.0,2002-10-21,xerem (a603)
2016,se,rj,cambuci,a604,-21.56666666,-41.95,35.0,2002-11-20,cambuci (a604)
2016,se,rj,arraial do cabo,a606,-22.98333333,-42.01666666,4.0,2006-09-24,arraial do cabo (a606)
2016,se,rj,campos,a607,-21.71666666,-41.35,25.0,2006-09-25,campos (a607)
2016,se,rj,macae,a608,-22.38333333,-41.81666667,32.0,2006-09-22,macae (a608)
2016,se,rj,resende,a609,-22.45,-44.45,439.89,2006-09-29,resende (a609)
2016,se,rj,pico do couto,a610,-22.48166666,-43.29138888,1777.0,2006-10-22,pico do couto (a610)
2016,se,rj,valenca,a611,-22.35,-43.7,367.0,2006-09-27,valenca (a611)
2016,se,es,vitoria,a612,-20.26666666,-40.3,9.0,2006-10-31,vitoria (a612)
2016,se,es,santa teresa,a613,-19.98833333,-40.57944443,988.0,2007-08-09,santa teresa (a613)
2016,se,es,linhares,a614,-19.35694444,-40.0686111,40.0,2006-10-27,linhares (a614)
2016,se,es,alfredo chaves,a615,-20.63638888,-40.74138888,35.0,2006-11-03,alfredo chaves (a615)
2016,se,es,sao mateus,a616,-18.71388888,-39.84833333,39.0,2006-10-25,sao mateus (a616)
2016,se,es,alegre,a617,-20.75055555,-41.48888888,138.0,2006-10-25,alegre (a617)
2016,se,rj,teresopolis,a618,-22.44888888,-42.98722221,980.0,2006-11-01,teresopolis (a618)
2016,se,rj,parati,a619,-23.22333332,-44.72666666,5.0,2006-11-19,parati (a619)
2016,se,rj,sao tome,a620,-22.04166666,-41.05194444,8.0,2008-06-13,sao tome (a620)
2016,se,rj,vila militar,a621,-22.86083333,-43.41111111,45.0,2007-04-13,vila militar (a621)
2016,se,es,pres. kennedy,a622,-21.10111111,-41.03888888,80.0,2008-06-18,pres. kennedy (a622)
2016,se,es,nova venecia,a623,-18.69527777,-40.4075,154.0,2008-06-22,nova venecia (a623)
2016,se,rj,nova friburgo,a624,-22.33305554,-42.67722221,1046.0,2010-09-17,nova friburgo (a624)
2016,se,rj,tres rios,a625,-22.09833333,-43.20861111,305.0,2016-06-08,tres rios (a625)
2016,se,rj,rio claro,a626,-22.65361111,-44.04083333,516.0,2016-06-03,rio claro (a626)
2023,se,rj,niteroi,a627,-22.86749999,-43.10194444,6.0,2018-07-13,niteroi (a627)
2017,se,rj,angra dos reis,a628,-22.97583332,-44.30333333,6.0,2017-08-25,angra dos reis (a628)
2023,se,rj,carmo,a629,-21.9386111,-42.60083333,293.0,2018-10-11,carmo (a629)
2023,se,rj,santa maria madalena,a630,-21.95055555,-42.01027777,517.0,2018-10-16,santa maria madalena (a630)
2017,se,es,ecoporanga,a631,-18.29166666,-40.73638888,224.0,2017-03-17,ecoporanga (a631)
2017,se,es,marilandia,a632,-19.40722222,-40.53972221,95.0,2017-03-22,marilandia (a632)
2017,se,es,venda nova do imigrante,a633,-20.25222222,-41.18999999,722.0,2017-02-10,venda nova do imigrante (a633)
2017,se,es,vila velha,a634,-20.46694443,-40.40416666,25.0,2017-02-15,vila velha (a634)
2017,se,rj,itatiaia,a635,-22.37388888,-44.70305555,2450.0,2017-09-01,itatiaia (a635)
2017,se,rj,rio de janeiro - jacarepagua,a636,-22.93972221,-43.40277777,20.0,2017-08-10,rio de janeiro - jacarepagua (a636)
2023,se,rj,paty do alferes - avelar,a637,-22.34722221,-43.41777777,508.0,2022-11-10,paty do alferes - avelar (a637)
2016,se,rj,forte de copacabana,a652,-22.98833333,-43.19027777,42.0,2007-05-18,forte de copacabana (a652)
2016,se,es,afonso claudio,a657,-20.10416666,-41.10694444,520.0,2011-09-24,afonso claudio (a657)
2016,se,rj,silva jardim,a659,-22.64583333,-42.41583333,19.0,2015-08-28,silva jardim (a659)
2016,se,rj,saquarema,a667,-22.8711111,-42.60916666,16.0,2015-09-02,saquarema (a667)
2016,se,sp,sao paulo - mirante,a701,-23.48333333,-46.61666666,792.06,2006-07-25,sao paulo - mirante (a701)
2016,co,ms,campo grande,a702,-20.45,-54.6,530.0,2001-09-10,campo grande (a702)
2016,co,ms,ponta pora,a703,-22.5525,-55.71638888,675.0,2001-09-07,ponta pora (a703)
2016,co,ms,tres lagoas,a704,-20.78999999,-51.71222222,313.0,2001-09-03,tres lagoas (a704)
2016,se,sp,bauru,a705,-22.35805555,-49.02888888,666.0,2001-08-30,bauru (a705)
2016,se,sp,campos do jordao,a706,-22.75027777,-45.60388888,1642.0,2002-03-13,campos do jordao (a706)
2016,se,sp,presidente prudente,a707,-22.11999999,-51.4,435.55,2003-02-04,presidente prudente (a707)
2016,se,sp,franca,a708,-20.57999999,-47.37999999,1026.0,2002-12-12,franca (a708)
2016,co,ms,ivinhema,a709,-22.30666666,-53.82722221,373.8,2003-02-08,ivinhema (a709)
2016,co,ms,paranaiba,a710,-19.69527777,-51.18138888,424.0,2006-11-10,paranaiba (a710)
2016,se,sp,sao carlos,a711,-21.97972221,-47.88333333,863.0,2006-09-04,sao carlos (a711)
2016,se,sp,iguape,a712,-24.71666666,-47.55,2.66,2006-07-20,iguape (a712)
2016,se,sp,sorocaba,a713,-23.35,-47.66666666,609.0,2006-08-22,sorocaba (a713)
2016,se,sp,itapeva,a714,-23.98138888,-48.88527777,745.0,2006-07-25,itapeva (a714)
2016,se,sp,sao miguel arcanjo,a715,-23.85138888,-48.16444444,678.0,2006-08-15,sao miguel arcanjo (a715)
2016,se,sp,ourinhos,a716,-22.9486111,-49.89416666,448.0,2006-08-29,ourinhos (a716)
2016,co,ms,nhumirim,a717,-18.98888888,-56.62305554,91.0,2006-08-02,nhumirim (a717)
2016,se,sp,rancharia,a718,-22.37249999,-50.97416666,398.0,2006-09-01,rancharia (a718)
2016,co,ms,aquidauana,a719,-20.47555554,-55.78388888,155.0,2006-11-01,aquidauana (a719)
2016,co,ms,coxim,a720,-18.51222222,-54.73583333,252.0,2006-11-06,coxim (a720)
2016,co,ms,dourados,a721,-22.19388888,-54.91138888,469.0,2006-10-18,dourados (a721)
2016,co,ms,miranda,a722,-20.38333333,-56.41666666,140.0,2006-11-02,miranda (a722)
2016,co,ms,porto murtinho,a723,-21.70583333,-57.88666666,85.0,2006-10-24,porto murtinho (a723)
2016,co,ms,corumba,a724,-18.99666666,-57.63749999,126.0,2006-10-26,corumba (a724)
2016,se,sp,avare,a725,-23.09972221,-48.94555555,775.0,2006-09-22,avare (a725)
2016,se,sp,piracicaba,a726,-22.70277777,-47.62305554,573.0,2006-09-26,piracicaba (a726)
2016,se,sp,lins,a727,-21.66527777,-49.73416666,450.0,2006-09-20,lins (a727)
2016,se,sp,taubate,a728,-23.04194444,-45.52027777,571.0,2006-12-20,taubate (a728)
2016,se,sp,votuporanga,a729,-20.40305555,-49.96583333,465.0,2006-12-04,votuporanga (a729)
2016,co,ms,chapadao do sul,a730,-18.80222222,-52.60277777,818.0,2006-12-20,chapadao do sul (a730)
2016,co,ms,maracaju,a731,-21.60916666,-55.17777777,400.0,2006-12-15,maracaju (a731)
2016,co,ms,sao gabriel do oeste,a732,-19.42027777,-54.55305555,647.0,2006-12-18,sao gabriel do oeste (a732)
2016,se,sp,jales,a733,-20.165,-50.59499999,457.0,2007-08-22,jales (a733)
2016,se,sp,valparaiso,a734,-21.31916666,-50.93027777,374.0,2007-08-30,valparaiso (a734)
2016,se,sp,jose bonifacio,a735,-21.08555555,-49.92055554,405.0,2007-09-03,jose bonifacio (a735)
2016,se,sp,ariranha,a736,-21.13305554,-48.84027777,525.0,2007-11-13,ariranha (a736)
2016,se,sp,ibitinga,a737,-21.85555555,-48.66666666,492.0,2007-11-09,ibitinga (a737)
2016,se,sp,casa branca,a738,-21.77972221,-47.07972221,730.0,2007-06-25,casa branca (a738)
2016,se,sp,itapira,a739,-22.415,-46.80527777,633.0,2007-11-05,itapira (a739)
2016,se,sp,sao luis do paraitinga,a740,-23.22833332,-45.41722221,730.0,2007-11-01,sao luis do paraitinga (a740)
2016,se,sp,barra bonita,a741,-22.37083332,-48.55722222,544.0,2008-04-24,barra bonita (a741)
2016,co,ms,cassilandia,a742,-19.12249999,-51.72083332,516.0,2008-03-08,cassilandia (a742)
2016,co,ms,rio brilhante,a743,-21.77472221,-54.52805554,329.0,2008-06-26,rio brilhante (a743)
2017,se,sp,braganca paulista,a744,-23.95194444,-46.53055554,891.0,2017-12-20,braganca paulista (a744)
2016,se,sp,barra do turvo,a746,-24.96305555,-48.41638888,667.0,2008-07-03,barra do turvo (a746)
2016,se,sp,pradopolis,a747,-21.33833333,-48.11388888,544.0,2008-04-22,pradopolis (a747)
2016,se,sp,barretos,a748,-20.55888888,-48.54472221,533.0,2010-06-19,barretos (a748)
2016,co,ms,juti,a749,-22.85722222,-54.60555555,379.0,2008-06-16,juti (a749)
2016,co,ms,amambai,a750,-23.0025,-55.32944443,431.0,2008-06-11,amambai (a750)
2016,co,ms,sete quedas,a751,-23.96694443,-55.02416666,402.0,2008-06-03,sete quedas (a751)
2016,co,ms,itaquirai,a752,-23.44944444,-54.18166666,336.0,2008-05-28,itaquirai (a752)
2016,se,sp,ituverava,a753,-20.35944444,-47.77499999,600.0,2008-07-17,ituverava (a753)
2016,co,ms,sidrolandia,a754,-20.98166666,-54.97194443,464.0,2008-09-29,sidrolandia (a754)
2016,se,sp,barueri,a755,-23.52333332,-46.86916666,791.0,2011-03-29,barueri (a755)
2016,co,ms,agua clara,a756,-20.44444444,-52.87555554,338.0,2010-08-14,agua clara (a756)
2016,co,ms,bela vista,a757,-22.10083333,-56.53999999,208.0,2011-08-09,bela vista (a757)
2016,co,ms,jardim,a758,-21.47833332,-56.13694444,249.0,2011-08-04,jardim (a758)
2016,co,ms,bataguassu,a759,-21.75138888,-52.47055554,387.0,2013-03-21,bataguassu (a759)
2016,co,ms,costa rica,a760,-18.82277777,-53.26722221,730.0,2012-12-04,costa rica (a760)
2016,co,ms,sonora,a761,-17.89638888,-54.45361111,486.0,2012-11-30,sonora (a761)
2016,se,sp,dracena,a762,-21.45777777,-51.55222222,383.0,2016-11-03,dracena (a762)
2017,se,sp,marilia,a763,-22.23527777,-49.965,660.0,2017-05-15,marilia (a763)
2016,se,sp,bebdouro,a764,-20.94916666,-48.48972221,590.0,2016-10-27,bebdouro (a764)
2017,se,sp,bertioga,a765,-23.84499999,-46.14305555,5.0,2017-02-01,bertioga (a765)
2017,se,sp,registro,a766,-24.53305554,-47.86416666,35.0,2017-02-09,registro (a766)
2017,se,sp,sao sebastiao,a767,-23.81083333,-45.4025,24.0,2017-10-25,sao sebastiao (a767)
2017,se,sp,tupa,a768,-21.92722221,-50.49027777,498.0,2017-05-12,tupa (a768)
2017,se,sp,cachoeira paulista,a769,-22.68888888,-45.00555555,586.0,2017-10-20,cachoeira paulista (a769)
2023,se,sp,sao simao,a770,-21.46111111,-47.57944443,620.0,2019-07-03,sao simao (a770)
2023,se,sp,sao paulo - interlagos,a771,-23.724501,-46.677501,771.0,2018-03-14,sao paulo - interlagos (a771)
2016,s,rs,porto alegre,a801,-30.05,-51.16666666,46.97,2000-09-22,porto alegre (a801)
2016,s,rs,rio grande,a802,-32.03333333,-52.1,2.46,2001-11-16,rio grande (a802)
2016,s,rs,santa maria,a803,-29.70833333,-53.70361111,95.0,2001-11-26,santa maria (a803)
2016,s,rs,santana do livramento,a804,-30.84249999,-55.61277777,196.0,2001-11-22,santana do livramento (a804)
2016,s,rs,santo augusto,a805,-27.85416666,-53.7911111,490.0,2001-12-05,santo augusto (a805)
2016,s,sc,florianopolis,a806,-27.6025,-48.61999999,1.8,2003-01-22,florianopolis (a806)
2016,s,pr,curitiba,a807,-25.43333333,-49.26666666,923.5,2003-01-28,curitiba (a807)
2016,s,rs,torres,a808,-29.35027777,-49.73305554,4.66,2006-06-01,torres (a808)
2016,s,rs,uruguaiana,a809,-29.84249999,-57.08249999,62.31,2006-09-28,uruguaiana (a809)
2016,s,rs,santa rosa,a810,-27.89305555,-54.48055554,276.0,2006-11-15,santa rosa (a810)
2016,s,rs,cangucu,a811,-31.40583333,-52.70111111,462.0,2007-01-24,cangucu (a811)
2016,s,rs,cacapava do sul,a812,-30.54777777,-53.46749999,420.0,2006-06-22,cacapava do sul (a812)
2016,s,rs,rio pardo,a813,-29.87333332,-52.38249999,111.0,2006-09-30,rio pardo (a813)
2016,s,sc,urussanga,a814,-28.53249999,-49.31555555,48.0,2008-05-29,urussanga (a814)
2016,s,sc,sao joaquim,a815,-28.27555554,-49.93444444,1410.0,2008-04-12,sao joaquim (a815)
2016,s,sc,novo horizonte,a816,-26.40694444,-52.85055555,960.0,2008-09-20,novo horizonte (a816)
2016,s,sc,indaial,a817,-26.91361111,-49.26749999,86.13,2006-07-02,indaial (a817)
2016,s,pr,ivai,a818,-25.01333333,-50.8711111,808.0,2006-07-11,ivai (a818)
2016,s,pr,castro,a819,-24.78944444,-49.99972221,1007.76,2006-07-09,castro (a819)
2016,s,pr,mal. candido rondon,a820,-24.53583333,-54.01972221,392.0,2006-11-18,mal. candido rondon (a820)
2016,s,pr,joaquim tavora,a821,-23.50527777,-49.94638888,522.0,2006-11-23,joaquim tavora (a821)
2016,s,pr,nova tebas,a822,-24.43722221,-51.96305555,654.0,2006-12-21,nova tebas (a822)
2016,s,pr,inacio martins,a823,-25.56583333,-51.08944444,1260.0,2006-10-16,inacio martins (a823)
2016,s,pr,icaraima,a824,-23.39027777,-53.63472221,385.0,2006-11-16,icaraima (a824)
2023,s,pr,goioere,a825,-24.18388888,-53.04888888,481.0,2006-10-19,goioere (a825)
2016,s,rs,alegrete,a826,-29.71166666,-55.5261111,121.0,2006-09-28,alegrete (a826)
2016,s,rs,bage,a827,-31.34777777,-54.01333333,230.0,2007-01-04,bage (a827)
2016,s,rs,erechim,a828,-27.66027777,-52.30638888,765.0,2006-11-25,erechim (a828)
2016,s,rs,sao jose dos ausentes,a829,-28.75138888,-50.05833333,1244.0,2006-10-26,sao jose dos ausentes (a829)
2016,s,rs,sao borja,a830,-28.64944444,-56.01555555,83.0,2007-07-21,sao borja (a830)
2016,s,rs,quarai,a831,-30.3686111,-56.43722221,124.0,2007-10-17,quarai (a831)
2016,s,rs,sao gabriel,a832,-30.34138888,-54.31083333,126.0,2007-07-11,sao gabriel (a832)
2016,s,rs,santiago,a833,-29.19138888,-54.88555555,394.0,2009-02-04,santiago (a833)
2016,s,rs,tramandai,a834,-30.00972222,-50.13527777,1.0,2008-03-09,tramandai (a834)
2016,s,pr,maringa,a835,-23.40777777,-51.91666666,542.0,2006-11-21,maringa (a835)
2016,s,rs,jaguarao,a836,-32.53749999,-53.37638888,47.0,2007-01-09,jaguarao (a836)
2016,s,rs,soledade,a837,-28.85361111,-52.55833333,667.0,2008-03-01,soledade (a837)
2016,s,rs,camaqua,a838,-30.81055555,-51.83472221,90.66,2006-12-12,camaqua (a838)
2016,s,rs,passo fundo,a839,-28.22944443,-52.40388888,684.05,2006-11-27,passo fundo (a839)
2016,s,rs,bento goncalves,a840,-29.16722221,-51.53472221,640.0,2006-12-01,bento goncalves (a840)
2016,s,sc,joacaba,a841,-27.16944443,-51.57555554,776.0,2007-09-20,joacaba (a841)
2016,s,pr,nova fatima,a842,-23.40694444,-50.57777777,668.0,2007-02-08,nova fatima (a842)
2016,s,pr,dois vizinhos,a843,-25.69472221,-53.09444444,520.0,2007-03-29,dois vizinhos (a843)
2016,s,rs,lagoa vermelha,a844,-28.22194443,-51.51222222,842.58,2007-03-02,lagoa vermelha (a844)
2016,s,sc,bom jardim da serra - morro da igreja,a845,-28.13333333,-49.48333333,1810.0,2007-06-17,bom jardim da serra - morro da igreja (a845)
2016,s,pr,foz do iguacu,a846,-25.60194444,-54.48305554,242.0,2008-02-15,foz do iguacu (a846)
2016,s,pr,ilha do mel,a847,-25.49444444,-48.32583332,1.0,2007-03-23,ilha do mel (a847)
2016,s,sc,dionisio cerqueira,a848,-26.28638888,-53.63277777,810.0,2008-05-31,dionisio cerqueira (a848)
2016,s,pr,diamante do norte,a849,-22.63388888,-52.85888888,362.0,2008-03-06,diamante do norte (a849)
2016,s,pr,paranapoema,a850,-22.49166666,-52.13444444,311.0,2008-03-04,paranapoema (a850)
2016,s,sc,itapoa,a851,-26.0811111,-48.64166666,2.0,2007-06-06,itapoa (a851)
2016,s,rs,sao luiz gonzaga,a852,-28.41694443,-54.96222222,245.11,2007-07-25,sao luiz gonzaga (a852)
2016,s,rs,cruz alta,a853,-28.60361111,-53.6736111,432.0,2007-05-31,cruz alta (a853)
2016,s,rs,frederico westphalen,a854,-27.39555555,-53.41277777,490.0,2007-12-14,frederico westphalen (a854)
2016,s,pr,planalto,a855,-25.72194443,-53.74805555,398.0,2007-11-07,planalto (a855)
2016,s,rs,palmeira das missoes,a856,-27.92166666,-53.31694443,631.0,2008-02-26,palmeira das missoes (a856)
2016,s,sc,sao miguel do oeste,a857,-26.77666666,-53.50444444,665.0,2008-03-12,sao miguel do oeste (a857)
2016,s,sc,xanxere,a858,-26.9386111,-52.415,889.0,2008-03-15,xanxere (a858)
2016,s,sc,cacador,a859,-26.81944443,-50.98555555,952.0,2008-03-19,cacador (a859)
2016,s,sc,curitibanos,a860,-27.2886111,-50.60416666,860.0,2008-02-28,curitibanos (a860)
2016,s,sc,rio do campo,a861,-26.93749999,-50.14638888,592.0,2008-03-10,rio do campo (a861)
2016,s,sc,rio negrinho,a862,-26.2486111,-49.58055554,869.0,2008-03-22,rio negrinho (a862)
2016,s,sc,ituporanga,a863,-27.41833332,-49.64666666,484.0,2008-03-04,ituporanga (a863)
2016,s,sc,major vieira,a864,-26.3936111,-50.36333333,808.0,2009-02-09,major vieira (a864)
2016,s,sc,lages,a865,-27.80222222,-50.33555555,955.0,2014-11-06,lages (a865)
2016,s,sc,laguna  - farol de santa marta,a866,-28.60416666,-48.81333333,52.0,2008-06-01,laguna  - farol de santa marta (a866)
2016,s,sc,ararangua,a867,-28.93138888,-49.49805555,12.0,2008-09-28,ararangua (a867)
2016,s,sc,itajai,a868,-26.95083333,-48.76194444,18.0,2010-06-24,itajai (a868)
2016,s,pr,cidade gaucha,a869,-23.37583332,-52.93194443,381.0,2008-03-11,cidade gaucha (a869)
2016,s,sc,rancho queimado,a870,-27.6786111,-49.04194444,881.0,2016-05-31,rancho queimado (a870)
2016,s,pr,japira,a871,-23.77305554,-50.18055554,694.0,2008-02-29,japira (a871)
2016,s,pr,ventania,a872,-24.23833333,-50.24555555,1106.0,2011-04-15,ventania (a872)
2016,s,pr,morretes,a873,-25.51277777,-48.80861111,59.0,2008-03-13,morretes (a873)
2016,s,pr,sao mateus do sul,a874,-25.83499999,-50.3686111,788.0,2011-04-17,sao mateus do sul (a874)
2016,s,pr,general carneiro,a875,-26.3986111,-51.35444444,1018.0,2008-04-30,general carneiro (a875)
2016,s,pr,clevelandia,a876,-26.41722221,-52.34888888,980.0,2008-05-15,clevelandia (a876)
2016,s,rs,mostardas,a878,-31.24777777,-50.90555555,10.0,2008-03-11,mostardas (a878)
2016,s,rs,canela,a879,-29.36888888,-50.82749999,830.0,2008-08-23,canela (a879)
2016,s,rs,vacaria,a880,-28.51361111,-50.88277777,986.0,2008-04-26,vacaria (a880)
2016,s,rs,dom pedrito,a881,-31.0025,-54.61805554,150.0,2010-04-23,dom pedrito (a881)
2016,s,rs,teutonia,a882,-29.45027777,-51.82416666,81.0,2012-10-04,teutonia (a882)
2016,s,rs,ibiruba,a883,-28.65333333,-53.11194444,456.0,2012-12-13,ibiruba (a883)
2016,s,rs,campo bom,a884,-29.67444443,-51.06416666,24.0,2013-11-29,campo bom (a884)
2016,s,rs,tupancireta,a886,-29.89388888,-53.82666666,462.0,2016-08-11,tupancireta (a886)
2023,s,rs,capao do leao (pelotas),a887,-31.8025,-52.40722222,13.0,2019-07-18,capao do leao (pelotas) (a887)
2016,s,rs,sao vicente do sul,a889,-29.70194444,-54.69416666,134.0,2016-04-06,sao vicente do sul (a889)
2023,s,rs,encruzilhada do sul,a893,-30.54305555,-52.52472221,427.75,2018-03-15,encruzilhada do sul (a893)
2016,s,rs,serafina correa,a894,-28.70472222,-51.87055554,545.0,2016-04-01,serafina correa (a894)
2023,s,sc,chapeco,a895,-27.0853111,-52.6357111,679.0,2019-02-19,chapeco (a895)
2016,s,rs,cambara do sul,a897,-29.04888888,-50.14944444,1017.0,2016-11-24,cambara do sul (a897)
2023,s,sc,campos novos,a898,-27.3886111,-51.21583333,963.0,2019-02-15,campos novos (a898)
2016,s,rs,santa vitoria do palmar - barra do chui,a899,-33.74166666,-53.37138888,26.0,2008-03-08,santa vitoria do palmar - barra do chui (a899)
2016,co,mt,cuiaba,a901,-15.55916666,-56.72944443,240.0,2002-12-08,cuiaba (a901)
2016,co,mt,tangara da serra,a902,-14.65,-57.41666666,321.5,2002-12-11,tangara da serra (a902)
2016,co,mt,s.j. do rio claro,a903,-13.45,-56.66666666,350.0,2003-02-25,s.j. do rio claro (a903)
2016,co,mt,sorriso,a904,-12.55,-55.71666666,380.0,2002-12-16,sorriso (a904)
2016,co,mt,campo novo dos parecis,a905,-13.78333333,-57.83333333,570.0,2002-12-13,campo novo dos parecis (a905)
2016,co,mt,guaranta do norte,a906,-9.95,-54.88333333,320.0,2002-12-20,guaranta do norte (a906)
2016,co,mt,rondonopolis,a907,-16.45,-54.56666666,284.0,2003-11-17,rondonopolis (a907)
2016,co,mt,agua boa,a908,-14.01611111,-52.21222222,432.0,2006-12-16,agua boa (a908)
2016,co,mt,alto araguaia,a909,-17.33944444,-53.22416666,753.0,2011-09-22,alto araguaia (a909)
2016,co,mt,apiacas,a910,-9.56388888,-57.3936111,220.0,2006-10-24,apiacas (a910)
2017,co,mt,sapezal,a911,-10.16583333,-59.45111111,105.0,2017-10-20,sapezal (a911)
2016,co,mt,campo verde,a912,-15.52749999,-55.13555555,749.0,2006-11-21,campo verde (a912)
2016,co,mt,comodoro,a913,-13.70861111,-59.76277777,591.0,2006-11-28,comodoro (a913)
2016,co,mt,juara,a914,-11.28027777,-57.52666666,260.0,2006-11-02,juara (a914)
2016,co,mt,paranatinga,a915,-14.42138888,-54.03527777,474.0,2006-12-19,paranatinga (a915)
2016,co,mt,querencia,a916,-12.5986111,-52.19444444,339.0,2007-07-18,querencia (a916)
2016,co,mt,sinop,a917,-11.98222221,-55.56583333,371.0,2006-10-29,sinop (a917)
2016,co,mt,cotriguacu,a919,-9.90611111,-58.57194443,261.0,2007-05-28,cotriguacu (a919)
2016,co,mt,juina,a920,-11.36694443,-58.73305554,220.0,2006-11-24,juina (a920)
2016,co,mt,sao felix  do araguaia,a921,-11.61888888,-50.72777777,218.0,2007-10-19,sao felix  do araguaia (a921)
2016,co,mt,vila bela da santissima trindade,a922,-15.06277777,-59.87277777,222.0,2006-12-01,vila bela da santissima trindade (a922)
2017,co,mt,primavera do leste,a923,-15.57999999,-54.3811111,680.0,2017-10-26,primavera do leste (a923)
2016,co,mt,alta floresta,a924,-9.84944444,-56.1,289.0,2007-05-23,alta floresta (a924)
2016,n,ro,porto velho,a925,-8.76388888,-63.47499999,98.0,2007-07-11,porto velho (a925)
2016,co,mt,carlinda,a926,-10.00527777,-55.79055555,306.0,2008-04-09,carlinda (a926)
2016,co,mt,brasnorte (mundo novo),a927,-12.87194443,-58.38722221,431.0,2008-02-29,brasnorte (mundo novo) (a927)
2016,co,mt,nova maringa,a928,-13.06555555,-57.15611111,353.0,2008-04-16,nova maringa (a928)
2016,co,mt,nova ubirata,a929,-13.68638888,-54.95611111,518.0,2008-04-13,nova ubirata (a929)
2016,co,mt,gaucha do norte,a930,-13.18472221,-53.2575,379.0,2008-06-04,gaucha do norte (a930)
2016,co,mt,santo antonio do leste,a931,-14.92777777,-53.8836111,648.0,2008-05-30,santo antonio do leste (a931)
2016,co,mt,guiratinga,a932,-16.34166666,-53.76611111,526.0,2008-01-24,guiratinga (a932)
2016,co,mt,itiquira,a933,-17.29722221,-54.83722221,585.0,2008-08-14,itiquira (a933)
2016,co,mt,alto taquari,a934,-17.81555555,-53.28749999,875.0,2008-01-29,alto taquari (a934)
2016,co,mt,porto estrela,a935,-15.54638888,-57.38166666,145.0,2008-05-30,porto estrela (a935)
2016,co,mt,salto do ceu,a936,-15.13583333,-58.115,303.0,2008-01-24,salto do ceu (a936)
2016,co,mt,pontes e lacerda,a937,-15.25111111,-59.34666666,256.0,2008-01-30,pontes e lacerda (a937)
2016,n,ro,vilhena,a938,-12.73472221,-60.15777777,590.0,2008-08-26,vilhena (a938)
2016,n,ro,cacoal,a939,-11.44583333,-61.43416666,210.0,2008-07-20,cacoal (a939)
2016,n,ro,ariquemes,a940,-9.94888888,-62.96194444,140.0,2008-07-18,ariquemes (a940)
2016,co,mt,caceres,a941,-16.07444443,-57.69277777,116.0,2012-03-30,caceres (a941)
2023,co,mt,sao jose do xingu,a942,-10.48416666,-52.37249999,300.0,2019-02-19,sao jose do xingu (a942)
2023,co,mt,serra nova dourada,a943,-11.98777777,-51.4261111,441.0,2019-03-29,serra nova dourada (a943)
2023,co,mt,rosario oeste,a944,-14.82888888,-56.44194444,195.0,2019-05-30,rosario oeste (a944)
2016,s,pr,campina da lagoa,b803,-24.57083332,-52.8025,592.0,2016-08-04,campina da lagoa (b803)
2016,s,pr,laranjeiras do sul,b804,-25.36888888,-52.39194444,835.0,2016-08-07,laranjeiras do sul (b804)
2016,s,pr,colombo,b806,-25.32222221,-49.1575,950.0,2016-06-01,colombo (b806)
2023,s,rs,porto alegre- belem novo,b807,-30.1861111,-51.17805554,3.3,2022-12-08,porto alegre- belem novo (b807)
2020,se,sp,criosfera,c891,-84.0,-79.49416666,1285.0,2012-01-09,criosfera (c891)
2016,se,mg,belo horizonte - cercadinho,f501,-19.97999999,-43.95861111,1214.0,2013-12-27,belo horizonte - cercadinho (f501)
2016,n,ro,forte principe,s101,-12.42999999,-64.41999999,141.0,2016-12-01,forte principe (s101)
2016,n,am,pef ipiranga,s102,-2.93055554,-69.69527777,67.0,2016-12-01,pef ipiranga (s102)
2016,n,am,crmn manaus,s103,-3.02249999,-60.05555555,80.0,2016-12-01,crmn manaus (s103)
2016,n,ro,dtcea vilhena,s104,-12.75055555,-60.14916666,580.0,2016-12-01,dtcea vilhena (s104)
2016,n,am,dtcea tabatinga,s105,-4.25055555,-69.93499999,83.0,2016-12-01,dtcea tabatinga (s105)
2016,n,pa,dom eliseu,s107,-4.28999999,-47.55,260.0,2016-12-01,dom eliseu (s107)
2016,ne,ma,sao bento,s108,-2.7,-44.85,2.0,2016-12-01,sao bento (s108)
2016,n,ro,dtcea guajara-mirim,s110,-10.78999999,-65.33277777,126.0,2016-12-01,dtcea guajara-mirim (s110)
2016,n,pa,ulianopolis,s111,-3.8,-47.51,151.0,2016-12-01,ulianopolis (s111)
2016,n,rr,baliza,s113,0.94777777,-59.74638888,195.0,2016-12-01,baliza (s113)
2016,n,rr,pacaraima,s114,4.47749999,-61.14916666,918.0,2016-12-01,pacaraima (s114)
2016,n,am,pef yauarete,s115,0.59944444,-69.19194444,108.0,2016-12-01,pef yauarete (s115)
2016,n,am,pef estirao do equador,s116,-4.52999999,-71.61749999,83.0,2016-12-01,pef estirao do equador (s116)
2016,n,am,dtcea tefe,s117,-3.37722221,-64.72305554,52.0,2016-12-01,dtcea tefe (s117)
2016,n,pa,dtcea jacareacanga,s120,-6.23722221,-57.77499999,102.0,2016-12-01,dtcea jacareacanga (s120)
2016,n,am,santa isabel do rio negro,s121,-0.41444444,-65.01749999,44.0,2016-12-01,santa isabel do rio negro (s121)
2016,se,mg,eb_pef_bonfim,s122,3.35888888,-59.82388888,89.0,2016-12-01,eb_pef_bonfim (s122)
2020,co,ms,angelica,s701,-22.148083,-53.763736,347.0,2018-04-09,angelica (s701)
2020,co,ms,aral moreira,s702,-22.955028,-55.626,605.0,2018-04-13,aral moreira (s702)
2020,co,ms,bandeirantes,s703,-19.945539,-54.368533,624.0,2018-01-29,bandeirantes (s703)
2020,co,ms,bonito,s704,-21.246756,-56.450442,329.0,2018-08-06,bonito (s704)
2020,co,ms,brasilandia,s705,-21.298278,-52.068917,345.0,2018-04-06,brasilandia (s705)
2020,co,ms,caarapo,s706,-22.657056,-54.819306,456.0,2018-03-03,caarapo (s706)
2020,co,ms,camapua,s707,-19.587528,-54.030083,540.0,2018-02-19,camapua (s707)
2020,co,ms,fatima do sul,s708,-22.308694,-54.325833,340.0,2018-02-28,fatima do sul (s708)
2020,co,ms,iguatemi,s709,-23.644481,-54.570289,319.0,2018-02-19,iguatemi (s709)
2020,co,ms,itapora,s710,-22.092833,-54.798833,360.0,2018-02-26,itapora (s710)
2020,co,ms,laguna carapa,s711,-22.575389,-55.160333,499.0,2018-04-12,laguna carapa (s711)
2020,co,ms,nova alvorada do sul,s712,-21.450972,-54.341972,5.0,2018-02-23,nova alvorada do sul (s712)
2020,co,ms,nova andradina,s713,-22.078528,-53.465889,372.0,2018-04-09,nova andradina (s713)
2020,co,ms,pedro gomes,s714,-18.07277777,-54.54888888,251.0,2018-02-02,pedro gomes (s714)
2020,co,ms,ribas do rio pardo,s715,-20.466694,-53.763028,442.0,2018-01-18,ribas do rio pardo (s715)
2020,co,ms,santa rita do pardo,s716,-21.305889,-52.820375,383.0,2018-02-19,santa rita do pardo (s716)
2020,co,ms,selviria,s717,-20.351444,-51.430222,374.0,2018-04-05,selviria (s717)
